State	Year	Period	labor force participation rate	employment-population ratio	labor force	employment	unemployment	unemployment rate
Alabama	2019	Jan	58.1	56	2237931	2158471	79460	3.6
Alabama	2019	Feb	58	56	2238155	2160923	77232	3.5
Alabama	2019	Mar	58	56.1	2237126	2162757	74369	3.3
Alabama	2019	Apr	58	56.1	2236130	2164945	71185	3.2
Alabama	2019	May	57.9	56.2	2236013	2167956	68057	3
Alabama	2019	Jun	57.9	56.3	2237028	2171639	65389	2.9
Alabama	2019	Jul	58	56.3	2239558	2176144	63414	2.8
Alabama	2019	Aug	58	56.4	2242626	2180477	62149	2.8
Alabama	2019	Sep	58.1	56.5	2245766	2184271	61495	2.7
Alabama	2019	Oct	58.1	56.5	2247981	2186771	61210	2.7
Alabama	2019	Nov	58.1	56.5	2248190	2186809	61381	2.7
Alabama	2019	Dec	58.1	56.5	2247886	2186356	61530	2.7
Alabama	2020	Jan	58.1	56.5	2247721	2186652	61069	2.7
Alabama	2020	Feb	58	56.4	2243960	2184305	59655	2.7
Alabama	2020	Mar	57.3	55.6	2218590	2151586	67004	3
Alabama	2020	Apr	56.7	48.9	2198485	1895950	302535	13.8
Alabama	2020	May	57.8	52.2	2239608	2023565	216043	9.6
Alabama	2020	Jun	56.6	52.3	2192427	2025759	166668	7.6
Alabama	2020	Jul	57.5	53	2230709	2054153	176556	7.9
Alabama	2020	Aug	58.3(P)	55.0(P)	2262270(P)	2135084(P)	127186(P)	5.6(P)
Alaska	2019	Jan	64	60.1	349304	327856	21448	6.1
Alaska	2019	Feb	64	60.1	348849	327502	21347	6.1
Alaska	2019	Mar	63.9	60	348497	327179	21318	6.1
Alaska	2019	Apr	63.9	60	348294	326939	21355	6.1
Alaska	2019	May	63.9	60	348202	326774	21428	6.2
Alaska	2019	Jun	63.9	60	348117	326611	21506	6.2
Alaska	2019	Jul	63.9	59.9	347947	326408	21539	6.2
Alaska	2019	Aug	63.8	59.9	347620	326119	21501	6.2
Alaska	2019	Sep	63.8	59.8	347254	325848	21406	6.2
Alaska	2019	Oct	63.7	59.8	346910	325618	21292	6.1
Alaska	2019	Nov	63.7	59.8	346806	325568	21238	6.1
Alaska	2019	Dec	63.7	59.8	346831	325597	21234	6.1
Alaska	2020	Jan	63.6	59.8	346278	325347	20931	6
Alaska	2020	Feb	63.5	59.8	345418	325323	20095	5.8
Alaska	2020	Mar	63.3	60	344266	326251	18015	5.2
Alaska	2020	Apr	62.4	54	339224	293448	45776	13.5
Alaska	2020	May	61.3	53.5	333394	291016	42378	12.7
Alaska	2020	Jun	63.2	55.4	343599	300890	42709	12.4
Alaska	2020	Jul	62.7	55.4	340956	301284	39672	11.6
Alaska	2020	Aug	60.5(P)	56.1(P)	329018(P)	304661(P)	24357(P)	7.4(P)
Arizona	2019	Jan	61.7	58.7	3494658	3324691	169967	4.9
Arizona	2019	Feb	61.8	58.8	3501692	3331523	170169	4.9
Arizona	2019	Mar	61.8	58.8	3508284	3338340	169944	4.8
Arizona	2019	Apr	61.8	58.8	3516267	3346809	169458	4.8
Arizona	2019	May	61.9	58.9	3526522	3357716	168806	4.8
Arizona	2019	Jun	62	59.1	3539197	3371074	168123	4.8
Arizona	2019	Jul	62.2	59.3	3555243	3388011	167232	4.7
Arizona	2019	Aug	62.4	59.5	3571555	3405655	165900	4.6
Arizona	2019	Sep	62.5	59.6	3585858	3421432	164426	4.6
Arizona	2019	Oct	62.5	59.7	3595710	3432393	163317	4.5
Arizona	2019	Nov	62.5	59.6	3596303	3433191	163112	4.5
Arizona	2019	Dec	62.3	59.5	3594630	3431327	163303	4.5
Arizona	2020	Jan	62.4	59.6	3604805	3442732	162073	4.5
Arizona	2020	Feb	62.4	59.6	3613043	3451805	161238	4.5
Arizona	2020	Mar	61.7	58	3578637	3359486	219151	6.1
Arizona	2020	Apr	61	52.9	3543717	3069951	473766	13.4
Arizona	2020	May	61.1	55.6	3552457	3233472	318985	9
Arizona	2020	Jun	60.2	54.2	3509620	3158464	351156	10
Arizona	2020	Jul	61.1	54.6	3565784	3185553	380231	10.7
Arizona	2020	Aug	58.5(P)	55.0(P)	3420111(P)	3217662(P)	202449(P)	5.9(P)
Arkansas	2019	Jan	58.3	56.2	1362313	1313527	48786	3.6
Arkansas	2019	Feb	58.2	56.2	1362467	1313963	48504	3.6
Arkansas	2019	Mar	58.2	56.1	1361942	1313673	48269	3.5
Arkansas	2019	Apr	58.2	56.1	1361142	1312967	48175	3.5
Arkansas	2019	May	58.1	56	1360506	1312287	48219	3.5
Arkansas	2019	Jun	58.1	56	1360371	1312004	48367	3.6
Arkansas	2019	Jul	58.1	56	1361041	1312512	48529	3.6
Arkansas	2019	Aug	58.1	56	1362055	1313485	48570	3.6
Arkansas	2019	Sep	58.1	56.1	1363257	1314807	48450	3.6
Arkansas	2019	Oct	58.1	56.1	1364178	1315900	48278	3.5
Arkansas	2019	Nov	58.1	56.1	1364331	1316141	48190	3.5
Arkansas	2019	Dec	58.1	56	1364255	1316069	48186	3.5
Arkansas	2020	Jan	58.2	56.1	1366308	1318240	48068	3.5
Arkansas	2020	Feb	58.2	56.2	1367709	1319907	47802	3.5
Arkansas	2020	Mar	59	56	1386469	1316741	69728	5
Arkansas	2020	Apr	55.7	49.7	1309681	1168783	140898	10.8
Arkansas	2020	May	57.2	51.7	1345509	1216249	129260	9.6
Arkansas	2020	Jun	55.9	51.3	1314162	1207757	106405	8.1
Arkansas	2020	Jul	55.5	51.5	1305613	1212637	92976	7.1
Arkansas	2020	Aug	57.1(P)	52.8(P)	1343832(P)	1244400(P)	99432(P)	7.4(P)
California	2019	Jan	62.4	59.7	19382859	18550985	831874	4.3
California	2019	Feb	62.4	59.7	19374147	18546169	827978	4.3
California	2019	Mar	62.3	59.7	19356775	18537826	818949	4.2
California	2019	Apr	62.2	59.6	19342084	18535623	806461	4.2
California	2019	May	62.2	59.7	19338261	18545462	792799	4.1
California	2019	Jun	62.2	59.7	19349894	18568928	780966	4
California	2019	Jul	62.3	59.8	19380953	18609341	771612	4
California	2019	Aug	62.4	59.9	19419719	18655883	763836	3.9
California	2019	Sep	62.5	60.1	19458303	18700422	757881	3.9
California	2019	Oct	62.6	60.1	19485335	18731357	753978	3.9
California	2019	Nov	62.5	60.1	19487634	18733893	753741	3.9
California	2019	Dec	62.5	60.1	19483790	18729074	754716	3.9
California	2020	Jan	62.6	60.2	19509644	18756375	753269	3.9
California	2020	Feb	62.6	60.1	19516042	18756714	759328	3.9
California	2020	Mar	61.5	58.1	19167967	18115804	1052163	5.5
California	2020	Apr	59.6	49.8	18582743	15539409	3043334	16.4
California	2020	May	59.3	49.5	18506781	15463725	3043056	16.4
California	2020	Jun	60.8	51.7	18971162	16140226	2830936	14.9
California	2020	Jul	60.3	52.1	18825904	16282649	2543255	13.5
California	2020	Aug	59.9(P)	53.0(P)	18708807(P)	16574257(P)	2134550(P)	11.4(P)
Colorado	2019	Jan	69.1	66.9	3118005	3019332	98673	3.2
Colorado	2019	Feb	69.1	66.9	3120717	3024409	96308	3.1
Colorado	2019	Mar	69.1	67	3123383	3029822	93561	3
Colorado	2019	Apr	69	67	3127272	3036474	90798	2.9
Colorado	2019	May	69.1	67.1	3133013	3044663	88350	2.8
Colorado	2019	Jun	69.2	67.3	3140510	3054147	86363	2.7
Colorado	2019	Jul	69.3	67.4	3150271	3065701	84570	2.7
Colorado	2019	Aug	69.4	67.6	3160179	3077345	82834	2.6
Colorado	2019	Sep	69.5	67.7	3168978	3087657	81321	2.6
Colorado	2019	Oct	69.5	67.8	3175067	3094826	80241	2.5
Colorado	2019	Nov	69.4	67.7	3175472	3095329	80143	2.5
Colorado	2019	Dec	69.3	67.6	3174504	3094165	80339	2.5
Colorado	2020	Jan	69.4	67.6	3180821	3101414	79407	2.5
Colorado	2020	Feb	69.4	67.7	3186341	3106077	80264	2.5
Colorado	2020	Mar	68.2	64.7	3136533	2972506	164027	5.2
Colorado	2020	Apr	66.4	58.3	3054771	2681128	373643	12.2
Colorado	2020	May	66.6	59.8	3069113	2755457	313656	10.2
Colorado	2020	Jun	68.8	61.5	3177090	2840256	336834	10.6
Colorado	2020	Jul	66.7	61.8	3084472	2854900	229572	7.4
Colorado	2020	Aug	66.7(P)	62.2(P)	3086964(P)	2880890(P)	206074(P)	6.7(P)
Connecticut	2019	Jan	66.1	63.6	1906788	1834176	72612	3.8
Connecticut	2019	Feb	66	63.6	1904004	1832424	71580	3.8
Connecticut	2019	Mar	66	63.5	1901736	1831118	70618	3.7
Connecticut	2019	Apr	65.9	63.5	1901072	1831159	69913	3.7
Connecticut	2019	May	66	63.6	1902550	1832938	69612	3.7
Connecticut	2019	Jun	66.1	63.7	1906099	1836251	69848	3.7
Connecticut	2019	Jul	66.3	63.9	1911681	1841106	70575	3.7
Connecticut	2019	Aug	66.5	64	1917687	1846263	71424	3.7
Connecticut	2019	Sep	66.7	64.2	1923109	1851012	72097	3.7
Connecticut	2019	Oct	66.8	64.3	1926753	1854295	72458	3.8
Connecticut	2019	Nov	66.8	64.3	1926916	1854543	72373	3.8
Connecticut	2019	Dec	66.8	64.3	1926276	1853997	72279	3.8
Connecticut	2020	Jan	66.9	64.4	1929340	1857116	72224	3.7
Connecticut	2020	Feb	66.9	64.4	1930453	1857872	72581	3.8
Connecticut	2020	Mar	66.9	64.6	1930836	1865216	65620	3.4
Connecticut	2020	Apr	61.6	56.5	1776603	1629265	147338	8.3
Connecticut	2020	May	61.6	55.7	1777004	1606697	170307	9.6
Connecticut	2020	Jun	65.1	58.6	1879811	1690747	189064	10.1
Connecticut	2020	Jul	65.8	59.1	1900497	1706203	194294	10.2
Connecticut	2020	Aug	64.7(P)	59.4(P)	1866891(P)	1715951(P)	150940(P)	8.1(P)
Delaware	2019	Jan	62.6	60.4	484902	467818	17084	3.5
Delaware	2019	Feb	62.6	60.4	485355	468169	17186	3.5
Delaware	2019	Mar	62.6	60.4	485708	468349	17359	3.6
Delaware	2019	Apr	62.6	60.3	486041	468449	17592	3.6
Delaware	2019	May	62.6	60.3	486431	468549	17882	3.7
Delaware	2019	Jun	62.6	60.3	486936	468707	18229	3.7
Delaware	2019	Jul	62.6	60.2	487583	468959	18624	3.8
Delaware	2019	Aug	62.6	60.2	488173	469178	18995	3.9
Delaware	2019	Sep	62.6	60.2	488694	469406	19288	3.9
Delaware	2019	Oct	62.6	60.1	488997	469532	19465	4
Delaware	2019	Nov	62.5	60	488945	469497	19448	4
Delaware	2019	Dec	62.5	60	488861	469461	19400	4
Delaware	2020	Jan	62.4	59.9	488917	469519	19398	4
Delaware	2020	Feb	62.4	60	489276	470043	19233	3.9
Delaware	2020	Mar	60.8	57.8	477377	453613	23764	5
Delaware	2020	Apr	59	50.2	463508	394223	69285	14.9
Delaware	2020	May	60.1	50.6	472672	397743	74929	15.9
Delaware	2020	Jun	61.9	54.1	486725	425185	61540	12.6
Delaware	2020	Jul	64.2	57.5	505590	452611	52979	10.5
Delaware	2020	Aug	63.5(P)	57.9(P)	500735(P)	456267(P)	44468(P)	8.9(P)
District of Columbia	2019	Jan	70.6	66.5	406773	383285	23488	5.8
District of Columbia	2019	Feb	70.7	66.6	407526	384015	23511	5.8
District of Columbia	2019	Mar	70.8	66.7	408166	384810	23356	5.7
District of Columbia	2019	Apr	70.9	66.9	408698	385659	23039	5.6
District of Columbia	2019	May	70.9	67	409126	386492	22634	5.5
District of Columbia	2019	Jun	70.9	67.1	409498	387260	22238	5.4
District of Columbia	2019	Jul	71	67.2	410015	388072	21943	5.4
District of Columbia	2019	Aug	71.1	67.3	410617	388842	21775	5.3
District of Columbia	2019	Sep	71.1	67.4	411296	389568	21728	5.3
District of Columbia	2019	Oct	71.2	67.4	411867	390098	21769	5.3
District of Columbia	2019	Nov	71.2	67.4	411999	390156	21843	5.3
District of Columbia	2019	Dec	71.2	67.4	411960	390081	21879	5.3
District of Columbia	2020	Jan	71.3	67.6	413042	391465	21577	5.2
District of Columbia	2020	Feb	71.5	67.8	414353	393016	21337	5.1
District of Columbia	2020	Mar	72.6	68.2	420505	395074	25431	6
District of Columbia	2020	Apr	69.4	61.3	402453	355455	46998	11.7
District of Columbia	2020	May	66.9	61	387790	353764	34026	8.8
District of Columbia	2020	Jun	67.9	62	393763	359702	34061	8.7
District of Columbia	2020	Jul	67.9	62.1	393988	360407	33581	8.5
District of Columbia	2020	Aug	68.4(P)	62.6(P)	397358(P)	363699(P)	33659(P)	8.5(P)
Florida	2019	Jan	59.3	57.2	10260524	9908830	351694	3.4
Florida	2019	Feb	59.2	57.2	10261124	9912103	349021	3.4
Florida	2019	Mar	59.2	57.2	10259007	9915067	343940	3.4
Florida	2019	Apr	59.1	57.2	10262056	9924507	337549	3.3
Florida	2019	May	59.1	57.2	10274886	9943938	330948	3.2
Florida	2019	Jun	59.2	57.3	10298460	9973583	324877	3.2
Florida	2019	Jul	59.3	57.5	10333418	10015016	318402	3.1
Florida	2019	Aug	59.5	57.7	10370434	10059338	311096	3
Florida	2019	Sep	59.6	57.8	10402699	10098918	303781	2.9
Florida	2019	Oct	59.6	57.9	10423379	10125431	297948	2.9
Florida	2019	Nov	59.5	57.8	10423269	10126546	296723	2.8
Florida	2019	Dec	59.4	57.8	10419034	10121594	297440	2.9
Florida	2020	Jan	59.5	57.8	10440312	10148929	291383	2.8
Florida	2020	Feb	59.5	57.9	10455399	10164675	290724	2.8
Florida	2020	Mar	58.8	56.1	10331185	9873877	457308	4.4
Florida	2020	Apr	53.8	46.4	9472243	8166411	1305832	13.8
Florida	2020	May	54.6	47.1	9627360	8308051	1319309	13.7
Florida	2020	Jun	55.3	49.6	9751928	8748605	1003323	10.3
Florida	2020	Jul	56.6	50.1	9994978	8858108	1136870	11.4
Florida	2020	Aug	57.3(P)	53.0(P)	10138244(P)	9384918(P)	753326(P)	7.4(P)
Georgia	2019	Jan	62.5	60.1	5091021	4898096	192925	3.8
Georgia	2019	Feb	62.4	60.1	5089643	4898884	190759	3.7
Georgia	2019	Mar	62.3	60	5086452	4898827	187625	3.7
Georgia	2019	Apr	62.2	60	5084588	4900389	184199	3.6
Georgia	2019	May	62.2	60	5086318	4905393	180925	3.6
Georgia	2019	Jun	62.2	60	5092563	4914704	177859	3.5
Georgia	2019	Jul	62.3	60.1	5104207	4929889	174318	3.4
Georgia	2019	Aug	62.3	60.3	5117470	4947459	170011	3.3
Georgia	2019	Sep	62.4	60.4	5129851	4964375	165476	3.2
Georgia	2019	Oct	62.4	60.5	5138363	4976473	161890	3.2
Georgia	2019	Nov	62.4	60.4	5138942	4977732	161210	3.1
Georgia	2019	Dec	62.3	60.3	5137642	4975936	161706	3.1
Georgia	2020	Jan	62.4	60.4	5147616	4988005	159611	3.1
Georgia	2020	Feb	62.4	60.5	5156347	4995200	161147	3.1
Georgia	2020	Mar	62.4	59.5	5156973	4917754	239219	4.6
Georgia	2020	Apr	59.1	51.7	4894396	4279924	614472	12.6
Georgia	2020	May	59	53.5	4892536	4432132	460404	9.4
Georgia	2020	Jun	59.4	54.9	4929291	4555849	373442	7.6
Georgia	2020	Jul	60.1	55.6	4993364	4613160	380204	7.6
Georgia	2020	Aug	59.0(P)	55.7(P)	4906586(P)	4633847(P)	272739(P)	5.6(P)
Hawaii	2019	Jan	61.1	59.4	666938	648451	18487	2.8
Hawaii	2019	Feb	60.9	59.2	665402	647012	18390	2.8
Hawaii	2019	Mar	60.8	59.1	664000	645727	18273	2.8
Hawaii	2019	Apr	60.7	59.1	662973	644777	18196	2.7
Hawaii	2019	May	60.7	59	662531	644353	18178	2.7
Hawaii	2019	Jun	60.7	59.1	662720	644530	18190	2.7
Hawaii	2019	Jul	60.8	59.1	663544	645387	18157	2.7
Hawaii	2019	Aug	60.9	59.3	664641	646583	18058	2.7
Hawaii	2019	Sep	61	59.4	665785	647883	17902	2.7
Hawaii	2019	Oct	61.1	59.5	666583	648848	17735	2.7
Hawaii	2019	Nov	61.1	59.5	666654	648988	17666	2.6
Hawaii	2019	Dec	61.1	59.5	666539	648873	17666	2.7
Hawaii	2020	Jan	61.3	59.6	668169	650377	17792	2.7
Hawaii	2020	Feb	61.4	59.7	669072	651215	17857	2.7
Hawaii	2020	Mar	61.1	59.6	665727	649770	15957	2.4
Hawaii	2020	Apr	58.2	44.3	633724	482814	150910	23.8
Hawaii	2020	May	57.5	44	626986	479621	147365	23.5
Hawaii	2020	Jun	57.9	50.2	630798	546317	84481	13.4
Hawaii	2020	Jul	58.6	50.7	638124	552045	86079	13.5
Hawaii	2020	Aug	58.5(P)	51.2(P)	636886(P)	557206(P)	79680(P)	12.5(P)
Idaho	2019	Jan	64.4	62.5	870617	845034	25583	2.9
Idaho	2019	Feb	64.4	62.5	872623	846902	25721	2.9
Idaho	2019	Mar	64.4	62.5	874607	848811	25796	2.9
Idaho	2019	Apr	64.4	62.5	876762	850921	25841	2.9
Idaho	2019	May	64.5	62.6	879122	853250	25872	2.9
Idaho	2019	Jun	64.5	62.6	881507	855620	25887	2.9
Idaho	2019	Jul	64.6	62.7	883977	858125	25852	2.9
Idaho	2019	Aug	64.6	62.7	886093	860354	25739	2.9
Idaho	2019	Sep	64.6	62.7	887795	862222	25573	2.9
Idaho	2019	Oct	64.5	62.7	888897	863475	25422	2.9
Idaho	2019	Nov	64.4	62.5	888878	863501	25377	2.9
Idaho	2019	Dec	64.2	62.4	888658	863269	25389	2.9
Idaho	2020	Jan	64.2	62.4	890069	865321	24748	2.8
Idaho	2020	Feb	64.2	62.5	891661	867822	23839	2.7
Idaho	2020	Mar	64.3	62.7	894632	872658	21974	2.5
Idaho	2020	Apr	63.5	56	885844	781553	104291	11.8
Idaho	2020	May	63.1	57.4	882241	803013	79228	9
Idaho	2020	Jun	63.9	60.2	895047	843408	51639	5.8
Idaho	2020	Jul	64.2	61	901494	855906	45588	5.1
Idaho	2020	Aug	63.7(P)	61.0(P)	895799(P)	858356(P)	37443(P)	4.2(P)
Illinois	2019	Jan	64.7	61.9	6475751	6192440	283311	4.4
Illinois	2019	Feb	64.6	61.8	6469321	6188045	281276	4.3
Illinois	2019	Mar	64.6	61.8	6460202	6183400	276802	4.3
Illinois	2019	Apr	64.5	61.8	6452156	6181182	270974	4.2
Illinois	2019	May	64.5	61.8	6447045	6182433	264612	4.1
Illinois	2019	Jun	64.5	61.9	6445179	6186736	258443	4
Illinois	2019	Jul	64.5	61.9	6444841	6192675	252166	3.9
Illinois	2019	Aug	64.4	62	6442858	6197008	245850	3.8
Illinois	2019	Sep	64.4	62	6439731	6199414	240317	3.7
Illinois	2019	Oct	64.4	62	6435480	6199272	236208	3.7
Illinois	2019	Nov	64.4	62	6433159	6197576	235583	3.7
Illinois	2019	Dec	64.4	62	6433027	6196809	236218	3.7
Illinois	2020	Jan	64.2	61.9	6417226	6189437	227789	3.5
Illinois	2020	Feb	64.1	61.9	6398665	6179880	218785	3.4
Illinois	2020	Mar	63	60.4	6294250	6030123	264127	4.2
Illinois	2020	Apr	61.3	50.8	6123362	5072987	1050375	17.2
Illinois	2020	May	63.2	53.5	6305015	5337980	967035	15.3
Illinois	2020	Jun	65.1	55.6	6493413	5549811	943602	14.5
Illinois	2020	Jul	62.6	55.4	6248853	5533043	715810	11.5
Illinois	2020	Aug	63.6(P)	56.6(P)	6347149(P)	5652123(P)	695026(P)	11.0(P)
Indiana	2019	Jan	65.1	62.8	3404310	3282340	121970	3.6
Indiana	2019	Feb	65	62.7	3399291	3278775	120516	3.5
Indiana	2019	Mar	64.8	62.5	3391039	3272809	118230	3.5
Indiana	2019	Apr	64.6	62.4	3382499	3266910	115589	3.4
Indiana	2019	May	64.4	62.3	3376225	3263234	112991	3.3
Indiana	2019	Jun	64.3	62.2	3373873	3263061	110812	3.3
Indiana	2019	Jul	64.3	62.3	3376195	3266943	109252	3.2
Indiana	2019	Aug	64.4	62.3	3380901	3272718	108183	3.2
Indiana	2019	Sep	64.4	62.4	3386110	3278500	107610	3.2
Indiana	2019	Oct	64.5	62.4	3389444	3282061	107383	3.2
Indiana	2019	Nov	64.4	62.4	3389478	3281975	107503	3.2
Indiana	2019	Dec	64.4	62.3	3388859	3281209	107650	3.2
Indiana	2020	Jan	64.4	62.4	3392922	3286146	106776	3.1
Indiana	2020	Feb	64.4	62.5	3396229	3291040	105189	3.1
Indiana	2020	Mar	62.2	60.3	3277678	3177786	99892	3
Indiana	2020	Apr	61.2	50.4	3226630	2660808	565822	17.5
Indiana	2020	May	63.3	55.5	3340305	2930891	409414	12.3
Indiana	2020	Jun	64.3	57.1	3393875	3017294	376581	11.1
Indiana	2020	Jul	62.8	57.8	3318673	3057572	261101	7.9
Indiana	2020	Aug	63.5(P)	59.5(P)	3360425(P)	3146017(P)	214408(P)	6.4(P)
Iowa	2019	Jan	69.7	67.9	1717459	1671886	45573	2.7
Iowa	2019	Feb	69.8	68	1721176	1674918	46258	2.7
Iowa	2019	Mar	70	68.1	1724319	1677562	46757	2.7
Iowa	2019	Apr	70.1	68.2	1727448	1680404	47044	2.7
Iowa	2019	May	70.2	68.3	1730994	1683850	47144	2.7
Iowa	2019	Jun	70.3	68.4	1735299	1688059	47240	2.7
Iowa	2019	Jul	70.5	68.6	1740791	1693248	47543	2.7
Iowa	2019	Aug	70.7	68.8	1746330	1698273	48057	2.8
Iowa	2019	Sep	70.9	68.9	1751217	1702476	48741	2.8
Iowa	2019	Oct	71	69	1754370	1705063	49307	2.8
Iowa	2019	Nov	71	69	1754287	1704890	49397	2.8
Iowa	2019	Dec	70.9	68.9	1753614	1704276	49338	2.8
Iowa	2020	Jan	71	68.9	1754704	1704978	49726	2.8
Iowa	2020	Feb	70.9	68.9	1752621	1703351	49270	2.8
Iowa	2020	Mar	69.6	67.3	1722018	1665444	56574	3.3
Iowa	2020	Apr	69.2	61.6	1712643	1524636	188007	11
Iowa	2020	May	68.4	61.5	1694125	1521154	172971	10.2
Iowa	2020	Jun	66.4	60.8	1644151	1506501	137650	8.4
Iowa	2020	Jul	65.7	61.2	1626512	1516177	110335	6.8
Iowa	2020	Aug	65.3(P)	61.4(P)	1616784(P)	1520248(P)	96536(P)	6.0(P)
Kansas	2019	Jan	66.6	64.4	1481778	1433280	48498	3.3
Kansas	2019	Feb	66.6	64.4	1481810	1433605	48205	3.3
Kansas	2019	Mar	66.6	64.4	1481866	1434149	47717	3.2
Kansas	2019	Apr	66.6	64.4	1482224	1435111	47113	3.2
Kansas	2019	May	66.6	64.5	1482972	1436489	46483	3.1
Kansas	2019	Jun	66.6	64.5	1484145	1438114	46031	3.1
Kansas	2019	Jul	66.7	64.6	1486033	1440113	45920	3.1
Kansas	2019	Aug	66.7	64.7	1488057	1441976	46081	3.1
Kansas	2019	Sep	66.8	64.7	1490123	1443702	46421	3.1
Kansas	2019	Oct	66.8	64.7	1491710	1444930	46780	3.1
Kansas	2019	Nov	66.8	64.7	1491949	1445043	46906	3.1
Kansas	2019	Dec	66.8	64.7	1491808	1444886	46922	3.1
Kansas	2020	Jan	66.9	64.8	1493934	1447063	46871	3.1
Kansas	2020	Feb	67	64.9	1496525	1449736	46789	3.1
Kansas	2020	Mar	67.5	65.6	1508551	1465907	42644	2.8
Kansas	2020	Apr	67.3	59.3	1503506	1324012	179494	11.9
Kansas	2020	May	67.4	60.6	1505828	1354535	151293	10
Kansas	2020	Jun	66.3	61.4	1482608	1371795	110813	7.5
Kansas	2020	Jul	66.7	61.9	1491299	1384180	107119	7.2
Kansas	2020	Aug	66.9(P)	62.3(P)	1497337(P)	1393775(P)	103562(P)	6.9(P)
Kentucky	2019	Jan	59.1	56.6	2061457	1974101	87356	4.2
Kentucky	2019	Feb	59.1	56.6	2061672	1974520	87152	4.2
Kentucky	2019	Mar	59.1	56.6	2062224	1974793	87431	4.2
Kentucky	2019	Apr	59.1	56.6	2063803	1975754	88049	4.3
Kentucky	2019	May	59.2	56.6	2066550	1977916	88634	4.3
Kentucky	2019	Jun	59.3	56.7	2070301	1981147	89154	4.3
Kentucky	2019	Jul	59.4	56.8	2074764	1985146	89618	4.3
Kentucky	2019	Aug	59.5	56.9	2078630	1988713	89917	4.3
Kentucky	2019	Sep	59.5	57	2081590	1991454	90136	4.3
Kentucky	2019	Oct	59.6	57	2083132	1992837	90295	4.3
Kentucky	2019	Nov	59.5	57	2082697	1992397	90300	4.3
Kentucky	2019	Dec	59.5	56.9	2082207	1991923	90284	4.3
Kentucky	2020	Jan	59.6	57	2084752	1994520	90232	4.3
Kentucky	2020	Feb	59.6	57	2084089	1995951	88138	4.2
Kentucky	2020	Mar	59	56	2066275	1958322	107953	5.2
Kentucky	2020	Apr	58.6	48.9	2052263	1712526	339737	16.6
Kentucky	2020	May	58	51.7	2029333	1809019	220314	10.9
Kentucky	2020	Jun	54.8	52.4	1920657	1836096	84561	4.4
Kentucky	2020	Jul	52.5	50.1	1837401	1755265	82136	4.5
Kentucky	2020	Aug	57.4(P)	53.0(P)	2010838(P)	1858326(P)	152512(P)	7.6(P)
Louisiana	2019	Jan	58.6	55.9	2097303	1999204	98099	4.7
Louisiana	2019	Feb	58.5	55.8	2094204	1998071	96133	4.6
Louisiana	2019	Mar	58.4	55.8	2090667	1996265	94402	4.5
Louisiana	2019	Apr	58.4	55.8	2087912	1994496	93416	4.5
Louisiana	2019	May	58.3	55.7	2086757	1993195	93562	4.5
Louisiana	2019	Jun	58.4	55.7	2087601	1992477	95124	4.6
Louisiana	2019	Jul	58.5	55.7	2090833	1992463	98370	4.7
Louisiana	2019	Aug	58.6	55.7	2094998	1992636	102362	4.9
Louisiana	2019	Sep	58.7	55.7	2099185	1993090	106095	5.1
Louisiana	2019	Oct	58.8	55.7	2102225	1993322	108903	5.2
Louisiana	2019	Nov	58.8	55.7	2102578	1993247	109331	5.2
Louisiana	2019	Dec	58.8	55.7	2102205	1993208	108997	5.2
Louisiana	2020	Jan	58.9	55.8	2107207	1995892	111315	5.3
Louisiana	2020	Feb	59	56	2109980	2000126	109854	5.2
Louisiana	2020	Mar	59.5	55.5	2126568	1984927	141641	6.7
Louisiana	2020	Apr	54.1	45.9	1931888	1640602	291286	15.1
Louisiana	2020	May	56.9	48.8	2031725	1742230	289495	14.2
Louisiana	2020	Jun	55.9	50.5	1995557	1805027	190530	9.5
Louisiana	2020	Jul	56.3	51	2011263	1822773	188490	9.4
Louisiana	2020	Aug	58.9(P)	54.4(P)	2103973(P)	1943329(P)	160644(P)	7.6(P)
Maine	2019	Jan	62.7	60.6	694085	671537	22548	3.2
Maine	2019	Feb	62.6	60.6	693390	671170	22220	3.2
Maine	2019	Mar	62.5	60.5	692476	670722	21754	3.1
Maine	2019	Apr	62.4	60.5	691620	670413	21207	3.1
Maine	2019	May	62.3	60.4	691074	670402	20672	3
Maine	2019	Jun	62.3	60.4	690978	670722	20256	2.9
Maine	2019	Jul	62.3	60.5	691444	671381	20063	2.9
Maine	2019	Aug	62.3	60.5	692182	672083	20099	2.9
Maine	2019	Sep	62.3	60.5	693045	672746	20299	2.9
Maine	2019	Oct	62.4	60.5	693661	673135	20526	3
Maine	2019	Nov	62.3	60.5	693715	673084	20631	3
Maine	2019	Dec	62.3	60.5	693630	672992	20638	3
Maine	2020	Jan	62.3	60.4	694174	672966	21208	3.1
Maine	2020	Feb	62.4	60.4	695029	672993	22036	3.2
Maine	2020	Mar	62.4	60.5	695329	674282	21047	3
Maine	2020	Apr	59.1	52.9	658950	590147	68803	10.4
Maine	2020	May	59.7	54.1	665863	603171	62692	9.4
Maine	2020	Jun	60	56	669925	624932	44993	6.7
Maine	2020	Jul	62.5	56.3	697299	628564	68735	9.9
Maine	2020	Aug	60.7(P)	56.5(P)	677635(P)	630760(P)	46875(P)	6.9(P)
Maryland	2019	Jan	68.2	65.6	3242979	3121324	121655	3.8
Maryland	2019	Feb	68.2	65.7	3246181	3124998	121183	3.7
Maryland	2019	Mar	68.3	65.8	3248606	3128100	120506	3.7
Maryland	2019	Apr	68.3	65.8	3251116	3131352	119764	3.7
Maryland	2019	May	68.4	65.9	3254239	3135190	119049	3.7
Maryland	2019	Jun	68.5	66	3258184	3139739	118445	3.6
Maryland	2019	Jul	68.5	66.1	3263140	3145585	117555	3.6
Maryland	2019	Aug	68.6	66.2	3267477	3151418	116059	3.6
Maryland	2019	Sep	68.7	66.3	3271010	3156844	114166	3.5
Maryland	2019	Oct	68.7	66.3	3273101	3160658	112443	3.4
Maryland	2019	Nov	68.7	66.3	3272834	3160936	111898	3.4
Maryland	2019	Dec	68.6	66.3	3272378	3160365	112013	3.4
Maryland	2020	Jan	68.7	66.4	3276524	3167463	109061	3.3
Maryland	2020	Feb	68.8	66.5	3280277	3172883	107394	3.3
Maryland	2020	Mar	68.9	66.6	3284708	3175393	109315	3.3
Maryland	2020	Apr	65.2	58.6	3112390	2796592	315798	10.1
Maryland	2020	May	65.3	58.8	3115059	2804911	310148	10
Maryland	2020	Jun	67.4	61.8	3215066	2949800	265266	8.3
Maryland	2020	Jul	67.9	62.6	3240889	2988683	252206	7.8
Maryland	2020	Aug	68.0(P)	63.3(P)	3247234(P)	3021939(P)	225295(P)	6.9(P)
Massachusetts	2019	Jan	67.7	65.6	3809095	3690557	118538	3.1
Massachusetts	2019	Feb	67.6	65.6	3805911	3688825	117086	3.1
Massachusetts	2019	Mar	67.6	65.5	3802648	3687207	115441	3
Massachusetts	2019	Apr	67.5	65.5	3801080	3687342	113738	3
Massachusetts	2019	May	67.5	65.5	3802246	3690098	112148	2.9
Massachusetts	2019	Jun	67.6	65.6	3806480	3695671	110809	2.9
Massachusetts	2019	Jul	67.7	65.7	3813991	3704388	109603	2.9
Massachusetts	2019	Aug	67.8	65.9	3822170	3713768	108402	2.8
Massachusetts	2019	Sep	67.9	66	3829750	3722387	107363	2.8
Massachusetts	2019	Oct	68	66.1	3834887	3728268	106619	2.8
Massachusetts	2019	Nov	67.9	66.1	3835120	3728610	106510	2.8
Massachusetts	2019	Dec	67.9	66	3834262	3727633	106629	2.8
Massachusetts	2020	Jan	67.9	66	3836148	3729899	106249	2.8
Massachusetts	2020	Feb	67.9	66	3834827	3728255	106572	2.8
Massachusetts	2020	Mar	66.8	64.9	3771967	3665047	106920	2.8
Massachusetts	2020	Apr	60.3	50.5	3406875	2853941	552934	16.2
Massachusetts	2020	May	62.6	52.3	3540873	2954413	586460	16.6
Massachusetts	2020	Jun	65.1	53.6	3684255	3030349	653906	17.7
Massachusetts	2020	Jul	64.9	54.4	3673375	3079120	594255	16.2
Massachusetts	2020	Aug	62.6(P)	55.5(P)	3545759(P)	3144563(P)	401196(P)	11.3(P)
Michigan	2019	Jan	61.9	59.3	4940173	4732779	207394	4.2
Michigan	2019	Feb	61.8	59.2	4938994	4729147	209847	4.2
Michigan	2019	Mar	61.8	59.1	4935119	4724022	211097	4.3
Michigan	2019	Apr	61.7	59.1	4931798	4720814	210984	4.3
Michigan	2019	May	61.7	59.1	4930397	4721029	209368	4.2
Michigan	2019	Jun	61.7	59.1	4931142	4724570	206572	4.2
Michigan	2019	Jul	61.7	59.2	4934220	4731577	202643	4.1
Michigan	2019	Aug	61.8	59.3	4937225	4739403	197822	4
Michigan	2019	Sep	61.8	59.3	4939952	4746565	193387	3.9
Michigan	2019	Oct	61.8	59.4	4941513	4750986	190527	3.9
Michigan	2019	Nov	61.8	59.4	4941316	4750962	190354	3.9
Michigan	2019	Dec	61.7	59.4	4941082	4750088	190994	3.9
Michigan	2020	Jan	61.8	59.5	4946724	4759515	187209	3.8
Michigan	2020	Feb	61.8	59.6	4950186	4769868	180318	3.6
Michigan	2020	Mar	61.2	58.6	4902508	4693677	208831	4.3
Michigan	2020	Apr	57.4	43.6	4591520	3489020	1102500	24
Michigan	2020	May	59.5	46.8	4762541	3749795	1012746	21.3
Michigan	2020	Jun	61.7	52.5	4943134	4204658	738476	14.9
Michigan	2020	Jul	60.1	54.9	4816641	4395253	421388	8.7
Michigan	2020	Aug	61.4(P)	56.0(P)	4916316(P)	4487846(P)	428470(P)	8.7(P)
Minnesota	2019	Jan	70.2	67.9	3093308	2995382	97926	3.2
Minnesota	2019	Feb	70.2	67.9	3095337	2996333	99004	3.2
Minnesota	2019	Mar	70.2	67.9	3096730	2997265	99465	3.2
Minnesota	2019	Apr	70.2	67.9	3098456	2999023	99433	3.2
Minnesota	2019	May	70.2	67.9	3101106	3002006	99100	3.2
Minnesota	2019	Jun	70.2	68	3105019	3006047	98972	3.2
Minnesota	2019	Jul	70.3	68	3110509	3011020	99489	3.2
Minnesota	2019	Aug	70.4	68.1	3115785	3015505	100280	3.2
Minnesota	2019	Sep	70.4	68.1	3120459	3019383	101076	3.2
Minnesota	2019	Oct	70.4	68.1	3123561	3021790	101771	3.3
Minnesota	2019	Nov	70.4	68.1	3123569	3021641	101928	3.3
Minnesota	2019	Dec	70.3	68	3123024	3021131	101893	3.3
Minnesota	2020	Jan	70.3	68.1	3122744	3023966	98778	3.2
Minnesota	2020	Feb	70.2	68.1	3121329	3025204	96125	3.1
Minnesota	2020	Mar	69.6	67.6	3094328	3005502	88826	2.9
Minnesota	2020	Apr	68.9	62.9	3066464	2799493	266971	8.7
Minnesota	2020	May	68.9	62.1	3069944	2766978	302966	9.9
Minnesota	2020	Jun	69.9	63.9	3114109	2846131	267978	8.6
Minnesota	2020	Jul	69.4	64.1	3093304	2856757	236547	7.6
Minnesota	2020	Aug	69.8(P)	64.6(P)	3113122(P)	2881523(P)	231599(P)	7.4(P)
Mississippi	2019	Jan	55.5	52.7	1269621	1204357	65264	5.1
Mississippi	2019	Feb	55.5	52.7	1270062	1203907	66155	5.2
Mississippi	2019	Mar	55.6	52.6	1270582	1203687	66895	5.3
Mississippi	2019	Apr	55.6	52.7	1271594	1203960	67634	5.3
Mississippi	2019	May	55.7	52.7	1273240	1204792	68448	5.4
Mississippi	2019	Jun	55.8	52.7	1275359	1206004	69355	5.4
Mississippi	2019	Jul	55.9	52.8	1277749	1207458	70291	5.5
Mississippi	2019	Aug	55.9	52.8	1279638	1208630	71008	5.5
Mississippi	2019	Sep	56	52.9	1280907	1209518	71389	5.6
Mississippi	2019	Oct	56	52.9	1281461	1209989	71472	5.6
Mississippi	2019	Nov	56	52.9	1281170	1209874	71296	5.6
Mississippi	2019	Dec	56	52.9	1280945	1209761	71184	5.6
Mississippi	2020	Jan	55.9	52.8	1279329	1209534	69795	5.5
Mississippi	2020	Feb	55.8	52.8	1276458	1207994	68464	5.4
Mississippi	2020	Mar	55.4	52.5	1267089	1202803	64286	5.1
Mississippi	2020	Apr	52.3	43.8	1197893	1002464	195429	16.3
Mississippi	2020	May	52.8	47.3	1208867	1082280	126587	10.5
Mississippi	2020	Jun	52.3	47.7	1197032	1092076	104956	8.8
Mississippi	2020	Jul	53	48.1	1214308	1100319	113989	9.4
Mississippi	2020	Aug	54.3(P)	50.0(P)	1243994(P)	1146311(P)	97683(P)	7.9(P)
Missouri	2019	Jan	63.9	61.8	3066433	2967251	99182	3.2
Missouri	2019	Feb	63.9	61.8	3066996	2967458	99538	3.2
Missouri	2019	Mar	63.8	61.8	3066036	2967068	98968	3.2
Missouri	2019	Apr	63.8	61.7	3065263	2967502	97761	3.2
Missouri	2019	May	63.8	61.8	3066057	2969628	96429	3.1
Missouri	2019	Jun	63.8	61.8	3069636	2973695	95941	3.1
Missouri	2019	Jul	64	61.9	3077388	2980183	97205	3.2
Missouri	2019	Aug	64.1	62.1	3087074	2987335	99739	3.2
Missouri	2019	Sep	64.3	62.2	3096836	2994012	102824	3.3
Missouri	2019	Oct	64.4	62.2	3104105	2998448	105657	3.4
Missouri	2019	Nov	64.4	62.2	3105035	2998582	106453	3.4
Missouri	2019	Dec	64.4	62.2	3104134	2997762	106372	3.4
Missouri	2020	Jan	64.5	62.2	3111534	3001253	110281	3.5
Missouri	2020	Feb	64.5	62.2	3111767	3002151	109616	3.5
Missouri	2020	Mar	65.2	62.7	3145755	3024168	121587	3.9
Missouri	2020	Apr	62.8	56.4	3029038	2720544	308494	10.2
Missouri	2020	May	62.4	56.1	3013333	2709686	303647	10.1
Missouri	2020	Jun	62.7	57.8	3027726	2791523	236203	7.8
Missouri	2020	Jul	63.6	59.2	3073320	2861896	211424	6.9
Missouri	2020	Aug	63.7(P)	59.3(P)	3081630(P)	2866381(P)	215249(P)	7.0(P)
Montana	2019	Jan	62.7	60.5	530894	512326	18568	3.5
Montana	2019	Feb	62.7	60.5	530934	512411	18523	3.5
Montana	2019	Mar	62.6	60.5	531051	512569	18482	3.5
Montana	2019	Apr	62.6	60.5	531418	512970	18448	3.5
Montana	2019	May	62.7	60.5	532100	513669	18431	3.5
Montana	2019	Jun	62.7	60.6	533068	514618	18450	3.5
Montana	2019	Jul	62.8	60.6	534199	515685	18514	3.5
Montana	2019	Aug	62.9	60.7	535105	516494	18611	3.5
Montana	2019	Sep	62.9	60.7	535725	517014	18711	3.5
Montana	2019	Oct	62.8	60.6	535978	517221	18757	3.5
Montana	2019	Nov	62.8	60.6	535823	517084	18739	3.5
Montana	2019	Dec	62.7	60.5	535694	516978	18716	3.5
Montana	2020	Jan	62.8	60.6	536520	517842	18678	3.5
Montana	2020	Feb	62.8	60.6	537336	518642	18694	3.5
Montana	2020	Mar	62.9	60.7	538777	519559	19218	3.6
Montana	2020	Apr	60.8	53.5	520588	458407	62181	11.9
Montana	2020	May	61.1	55.6	523851	476592	47259	9
Montana	2020	Jun	62.4	57.9	535115	496827	38288	7.2
Montana	2020	Jul	62.2	58.2	534260	499687	34573	6.5
Montana	2020	Aug	61.7(P)	58.2(P)	530097(P)	500400(P)	29697(P)	5.6(P)
Nebraska	2019	Jan	69.8	67.7	1030858	999512	31346	3
Nebraska	2019	Feb	69.8	67.7	1031617	999943	31674	3.1
Nebraska	2019	Mar	69.9	67.7	1032289	1000359	31930	3.1
Nebraska	2019	Apr	69.9	67.7	1032977	1000895	32082	3.1
Nebraska	2019	May	69.9	67.7	1033738	1001634	32104	3.1
Nebraska	2019	Jun	69.9	67.7	1034636	1002586	32050	3.1
Nebraska	2019	Jul	69.9	67.8	1035771	1003867	31904	3.1
Nebraska	2019	Aug	70	67.8	1036782	1005104	31678	3.1
Nebraska	2019	Sep	70	67.9	1037715	1006262	31453	3
Nebraska	2019	Oct	70	67.9	1038333	1007091	31242	3
Nebraska	2019	Nov	69.9	67.8	1038315	1007168	31147	3
Nebraska	2019	Dec	69.9	67.8	1038216	1007064	31152	3
Nebraska	2020	Jan	70	67.9	1040313	1009700	30613	2.9
Nebraska	2020	Feb	70.1	68.1	1042449	1012433	30016	2.9
Nebraska	2020	Mar	71.4	68.6	1062553	1019925	42628	4
Nebraska	2020	Apr	71.2	65	1059547	966909	92638	8.7
Nebraska	2020	May	69.3	65.6	1031135	976313	54822	5.3
Nebraska	2020	Jun	70.1	66.2	1044038	986307	57731	5.5
Nebraska	2020	Jul	70.2	66.8	1046974	995757	51217	4.9
Nebraska	2020	Aug	69.6(P)	66.8(P)	1037953(P)	996486(P)	41467(P)	4.0(P)
Nevada	2019	Jan	63.6	60.9	1527359	1463652	63707	4.2
Nevada	2019	Feb	63.6	61	1530109	1467018	63091	4.1
Nevada	2019	Mar	63.6	61	1532838	1470330	62508	4.1
Nevada	2019	Apr	63.6	61.1	1535719	1473763	61956	4
Nevada	2019	May	63.6	61.1	1538795	1477371	61424	4
Nevada	2019	Jun	63.7	61.2	1542002	1481094	60908	3.9
Nevada	2019	Jul	63.7	61.2	1545399	1485214	60185	3.9
Nevada	2019	Aug	63.7	61.3	1548251	1489050	59201	3.8
Nevada	2019	Sep	63.7	61.3	1550526	1492398	58128	3.7
Nevada	2019	Oct	63.6	61.3	1551903	1494665	57238	3.7
Nevada	2019	Nov	63.5	61.2	1551744	1494712	57032	3.7
Nevada	2019	Dec	63.4	61.1	1551408	1494283	57125	3.7
Nevada	2020	Jan	63.4	61.1	1555270	1498971	56299	3.6
Nevada	2020	Feb	63.5	61.2	1559544	1503339	56205	3.6
Nevada	2020	Mar	63.7	59.3	1566217	1458457	107760	6.9
Nevada	2020	Apr	58	40.6	1429095	999349	429746	30.1
Nevada	2020	May	56	41.9	1382809	1033264	349545	25.3
Nevada	2020	Jun	60.7	51.5	1501064	1273638	227426	15.2
Nevada	2020	Jul	60.1	51.6	1488599	1277858	210741	14.2
Nevada	2020	Aug	60.2(P)	52.3(P)	1493637(P)	1295867(P)	197770(P)	13.2(P)
New Hampshire	2019	Jan	68.8	67.1	768826	749597	19229	2.5
New Hampshire	2019	Feb	68.9	67.1	769835	750494	19341	2.5
New Hampshire	2019	Mar	68.9	67.2	770691	751257	19434	2.5
New Hampshire	2019	Apr	69	67.2	771521	752007	19514	2.5
New Hampshire	2019	May	69	67.2	772447	752848	19599	2.5
New Hampshire	2019	Jun	69	67.3	773472	753774	19698	2.5
New Hampshire	2019	Jul	69.1	67.3	774625	754823	19802	2.6
New Hampshire	2019	Aug	69.1	67.4	775602	755721	19881	2.6
New Hampshire	2019	Sep	69.1	67.4	776382	756456	19926	2.6
New Hampshire	2019	Oct	69.1	67.4	776809	756871	19938	2.6
New Hampshire	2019	Nov	69.1	67.3	776709	756792	19917	2.6
New Hampshire	2019	Dec	69	67.3	776586	756684	19902	2.6
New Hampshire	2020	Jan	69.1	67.4	778202	758262	19940	2.6
New Hampshire	2020	Feb	69.2	67.4	779532	759597	19935	2.6
New Hampshire	2020	Mar	68	66.4	766087	747979	18108	2.4
New Hampshire	2020	Apr	63.8	52.9	719443	596312	123131	17.1
New Hampshire	2020	May	65.1	55.1	734136	621117	113019	15.4
New Hampshire	2020	Jun	64.1	58.2	724019	657372	66647	9.2
New Hampshire	2020	Jul	65	59.8	734397	675483	58914	8
New Hampshire	2020	Aug	65.2(P)	61.0(P)	737421(P)	689753(P)	47668(P)	6.5(P)
New Jersey	2019	Jan	63.1	60.7	4456587	4291177	165410	3.7
New Jersey	2019	Feb	63.1	60.8	4457146	4295671	161475	3.6
New Jersey	2019	Mar	63	60.8	4455781	4299568	156213	3.5
New Jersey	2019	Apr	63	60.9	4455716	4304824	150892	3.4
New Jersey	2019	May	63.1	61	4459791	4312707	147084	3.3
New Jersey	2019	Jun	63.2	61.2	4469516	4323243	146273	3.3
New Jersey	2019	Jul	63.5	61.3	4486272	4336736	149536	3.3
New Jersey	2019	Aug	63.7	61.5	4505661	4350169	155492	3.5
New Jersey	2019	Sep	64	61.7	4523734	4361752	161982	3.6
New Jersey	2019	Oct	64.1	61.8	4536222	4369115	167107	3.7
New Jersey	2019	Nov	64.1	61.7	4537131	4368963	168168	3.7
New Jersey	2019	Dec	64.1	61.7	4535046	4367342	167704	3.7
New Jersey	2020	Jan	64.3	61.9	4551684	4379423	172261	3.8
New Jersey	2020	Feb	64.5	62	4564128	4390255	173873	3.8
New Jersey	2020	Mar	64.8	62.5	4588196	4419828	168368	3.7
New Jersey	2020	Apr	63.4	53	4483327	3751422	731905	16.3
New Jersey	2020	May	64	54.2	4531245	3835528	695717	15.4
New Jersey	2020	Jun	64.3	53.4	4548773	3782601	766172	16.8
New Jersey	2020	Jul	64.8	55.6	4589169	3937803	651366	14.2
New Jersey	2020	Aug	64.5(P)	57.5(P)	4568483(P)	4069620(P)	498863(P)	10.9(P)
New Mexico	2019	Jan	57.9	55	947008	899963	47045	5
New Mexico	2019	Feb	57.9	55.1	948193	900972	47221	5
New Mexico	2019	Mar	58	55.1	949247	901992	47255	5
New Mexico	2019	Apr	58	55.2	950371	903253	47118	5
New Mexico	2019	May	58.1	55.2	951670	904857	46813	4.9
New Mexico	2019	Jun	58.2	55.3	953233	906791	46442	4.9
New Mexico	2019	Jul	58.3	55.4	955251	909143	46108	4.8
New Mexico	2019	Aug	58.3	55.5	957248	911407	45841	4.8
New Mexico	2019	Sep	58.4	55.6	959014	913337	45677	4.8
New Mexico	2019	Oct	58.4	55.7	960159	914532	45627	4.8
New Mexico	2019	Nov	58.4	55.6	960148	914468	45680	4.8
New Mexico	2019	Dec	58.4	55.6	959922	914194	45728	4.8
New Mexico	2020	Jan	58.4	55.6	961100	915430	45670	4.8
New Mexico	2020	Feb	58.4	55.6	961807	915799	46008	4.8
New Mexico	2020	Mar	58.8	55.1	968682	907628	61054	6.3
New Mexico	2020	Apr	55.6	49	916510	807804	108706	11.9
New Mexico	2020	May	54.9	49.9	905243	822492	82751	9.1
New Mexico	2020	Jun	55.9	51.2	921812	844380	77432	8.4
New Mexico	2020	Jul	55.2	48.2	910699	795329	115370	12.7
New Mexico	2020	Aug	54.3(P)	48.1(P)	895468(P)	794034(P)	101434(P)	11.3(P)
New York	2019	Jan	60.9	58.4	9547462	9161783	385679	4
New York	2019	Feb	60.8	58.4	9534512	9148538	385974	4
New York	2019	Mar	60.7	58.3	9514746	9130757	383989	4
New York	2019	Apr	60.6	58.2	9495586	9115005	380581	4
New York	2019	May	60.6	58.2	9483005	9106058	376947	4
New York	2019	Jun	60.6	58.2	9480192	9105741	374451	3.9
New York	2019	Jul	60.6	58.2	9488460	9115194	373266	3.9
New York	2019	Aug	60.7	58.3	9501909	9129585	372324	3.9
New York	2019	Sep	60.8	58.4	9516997	9145414	371583	3.9
New York	2019	Oct	60.9	58.5	9527899	9156652	371247	3.9
New York	2019	Nov	60.9	58.5	9529070	9157857	371213	3.9
New York	2019	Dec	60.9	58.5	9527712	9156258	371454	3.9
New York	2020	Jan	61	58.7	9542921	9178410	364511	3.8
New York	2020	Feb	61.1	58.8	9551655	9197589	354066	3.7
New York	2020	Mar	60.2	57.7	9411433	9022695	388738	4.1
New York	2020	Apr	58.1	49.2	9084012	7691738	1392274	15.3
New York	2020	May	58.2	49.7	9089160	7770529	1318631	14.5
New York	2020	Jun	60.1	50.7	9379581	7911749	1467832	15.6
New York	2020	Jul	61.4	51.6	9580264	8054373	1525891	15.9
New York	2020	Aug	60.8(P)	53.2(P)	9493609(P)	8306728(P)	1186881(P)	12.5(P)
North Carolina	2019	Jan	61.5	59.1	5044457	4841346	203111	4
North Carolina	2019	Feb	61.6	59.1	5052626	4847960	204666	4.1
North Carolina	2019	Mar	61.6	59.1	5057506	4852162	205344	4.1
North Carolina	2019	Apr	61.6	59.1	5061879	4856683	205196	4.1
North Carolina	2019	May	61.6	59.1	5067558	4863356	204202	4
North Carolina	2019	Jun	61.6	59.2	5074835	4872346	202489	4
North Carolina	2019	Jul	61.7	59.2	5084334	4884840	199494	3.9
North Carolina	2019	Aug	61.7	59.3	5093224	4898132	195092	3.8
North Carolina	2019	Sep	61.7	59.4	5100430	4910144	190286	3.7
North Carolina	2019	Oct	61.7	59.4	5104706	4918234	186472	3.7
North Carolina	2019	Nov	61.6	59.4	5104251	4918613	185638	3.6
North Carolina	2019	Dec	61.5	59.3	5103301	4917178	186123	3.6
North Carolina	2020	Jan	61.6	59.3	5110632	4925741	184891	3.6
North Carolina	2020	Feb	61.6	59.4	5114662	4932056	182606	3.6
North Carolina	2020	Mar	59.8	57.2	4971240	4755540	215700	4.3
North Carolina	2020	Apr	56.3	49	4687926	4082234	605692	12.9
North Carolina	2020	May	57.8	50.4	4816235	4200723	615512	12.8
North Carolina	2020	Jun	57.4	53.1	4787234	4430134	357100	7.5
North Carolina	2020	Jul	58.6	53.7	4897607	4482155	415452	8.5
North Carolina	2020	Aug	57.7(P)	53.9(P)	4825921(P)	4510574(P)	315347(P)	6.5(P)
North Dakota	2019	Jan	69.3	67.7	402833	393461	9372	2.3
North Dakota	2019	Feb	69.3	67.7	403000	393695	9305	2.3
North Dakota	2019	Mar	69.3	67.7	403162	393816	9346	2.3
North Dakota	2019	Apr	69.3	67.7	403330	393862	9468	2.3
North Dakota	2019	May	69.3	67.7	403494	393870	9624	2.4
North Dakota	2019	Jun	69.3	67.7	403647	393878	9769	2.4
North Dakota	2019	Jul	69.3	67.6	403815	393961	9854	2.4
North Dakota	2019	Aug	69.3	67.6	403898	394044	9854	2.4
North Dakota	2019	Sep	69.3	67.6	403977	394189	9788	2.4
North Dakota	2019	Oct	69.2	67.6	404014	394318	9696	2.4
North Dakota	2019	Nov	69.2	67.6	403988	394349	9639	2.4
North Dakota	2019	Dec	69.2	67.5	403982	394353	9629	2.4
North Dakota	2020	Jan	69.2	67.6	404282	394947	9335	2.3
North Dakota	2020	Feb	69.2	67.7	404488	395451	9037	2.2
North Dakota	2020	Mar	69.4	68	405729	397604	8125	2
North Dakota	2020	Apr	69.5	63.2	406657	369752	36905	9.1
North Dakota	2020	May	68.8	62.5	402457	365917	36540	9.1
North Dakota	2020	Jun	69	63.9	403755	373922	29833	7.4
North Dakota	2020	Jul	68.7	64.1	402156	375547	26609	6.6
North Dakota	2020	Aug	67.7(P)	64.3(P)	396981(P)	377061(P)	19920(P)	5.0(P)
Ohio	2019	Jan	62.9	60.2	5803806	5555676	248130	4.3
Ohio	2019	Feb	62.8	60.2	5798120	5555168	242952	4.2
Ohio	2019	Mar	62.7	60.2	5791235	5552692	238543	4.1
Ohio	2019	Apr	62.7	60.1	5787762	5551351	236411	4.1
Ohio	2019	May	62.7	60.1	5789490	5552734	236756	4.1
Ohio	2019	Jun	62.7	60.2	5795568	5556712	238856	4.1
Ohio	2019	Jul	62.8	60.2	5804123	5563089	241034	4.2
Ohio	2019	Aug	62.9	60.3	5810621	5569183	241438	4.2
Ohio	2019	Sep	62.9	60.3	5814117	5574031	240086	4.1
Ohio	2019	Oct	62.9	60.3	5814465	5576321	238144	4.1
Ohio	2019	Nov	62.8	60.3	5812596	5575626	236970	4.1
Ohio	2019	Dec	62.8	60.3	5811750	5574862	236888	4.1
Ohio	2020	Jan	62.9	60.3	5818790	5580352	238438	4.1
Ohio	2020	Feb	63	60.4	5829126	5588285	240841	4.1
Ohio	2020	Mar	62.4	58.8	5776221	5441767	334454	5.8
Ohio	2020	Apr	61.3	50.5	5672068	4672850	999218	17.6
Ohio	2020	May	62.2	53.6	5755881	4958653	797228	13.9
Ohio	2020	Jun	62.7	55.8	5801502	5165821	635681	11
Ohio	2020	Jul	61.2	55.7	5663958	5153696	510262	9
Ohio	2020	Aug	62.2(P)	56.7(P)	5757583(P)	5247720(P)	509863(P)	8.9(P)
Oklahoma	2019	Jan	60.8	58.8	1837017	1776712	60305	3.3
Oklahoma	2019	Feb	60.8	58.8	1837111	1777026	60085	3.3
Oklahoma	2019	Mar	60.8	58.8	1837004	1777425	59579	3.2
Oklahoma	2019	Apr	60.7	58.8	1837101	1778063	59038	3.2
Oklahoma	2019	May	60.7	58.8	1837778	1779004	58774	3.2
Oklahoma	2019	Jun	60.7	58.8	1839224	1780170	59054	3.2
Oklahoma	2019	Jul	60.8	58.8	1841427	1781526	59901	3.3
Oklahoma	2019	Aug	60.8	58.8	1843446	1782527	60919	3.3
Oklahoma	2019	Sep	60.8	58.8	1845138	1783397	61741	3.3
Oklahoma	2019	Oct	60.8	58.8	1846046	1783842	62204	3.4
Oklahoma	2019	Nov	60.8	58.7	1845800	1783677	62123	3.4
Oklahoma	2019	Dec	60.7	58.7	1845530	1783548	61982	3.4
Oklahoma	2020	Jan	60.7	58.7	1845422	1784815	60607	3.3
Oklahoma	2020	Feb	60.6	58.7	1844257	1785827	58430	3.2
Oklahoma	2020	Mar	60.1	58.4	1829828	1776101	53727	2.9
Oklahoma	2020	Apr	58.4	49.8	1776346	1515047	261299	14.7
Oklahoma	2020	May	59.9	52.3	1823007	1592762	230245	12.6
Oklahoma	2020	Jun	58	54.3	1767340	1653543	113797	6.4
Oklahoma	2020	Jul	59.2	55	1804753	1676888	127865	7.1
Oklahoma	2020	Aug	60.1(P)	56.7(P)	1833289(P)	1728509(P)	104780(P)	5.7(P)
Oregon	2019	Jan	62.2	59.5	2107966	2019483	88483	4.2
Oregon	2019	Feb	62.1	59.5	2107405	2019776	87629	4.2
Oregon	2019	Mar	62	59.5	2105727	2019569	86158	4.1
Oregon	2019	Apr	61.9	59.4	2103937	2019541	84396	4
Oregon	2019	May	61.8	59.4	2102670	2020170	82500	3.9
Oregon	2019	Jun	61.7	59.4	2102160	2021645	80515	3.8
Oregon	2019	Jul	61.7	59.4	2102460	2024262	78198	3.7
Oregon	2019	Aug	61.6	59.4	2102758	2027120	75638	3.6
Oregon	2019	Sep	61.5	59.4	2103078	2029880	73198	3.5
Oregon	2019	Oct	61.5	59.4	2103183	2031830	71353	3.4
Oregon	2019	Nov	61.4	59.4	2103089	2032001	71088	3.4
Oregon	2019	Dec	61.4	59.3	2103105	2031743	71362	3.4
Oregon	2020	Jan	61.4	59.3	2104158	2034344	69814	3.3
Oregon	2020	Feb	61.3	59.3	2105508	2036466	69042	3.3
Oregon	2020	Mar	61.5	59.3	2110900	2038010	72890	3.5
Oregon	2020	Apr	61.4	52.3	2110693	1796681	314012	14.9
Oregon	2020	May	61.7	52.9	2124082	1820588	303494	14.3
Oregon	2020	Jun	62.7	55.4	2159459	1909526	249933	11.6
Oregon	2020	Jul	59.8	53.6	2061771	1846582	215189	10.4
Oregon	2020	Aug	59.5(P)	54.9(P)	2053867(P)	1896117(P)	157750(P)	7.7(P)
Pennsylvania	2019	Jan	62.8	60.3	6455146	6190720	264426	4.1
Pennsylvania	2019	Feb	62.8	60.3	6452662	6188346	264316	4.1
Pennsylvania	2019	Mar	62.8	60.2	6449431	6184335	265096	4.1
Pennsylvania	2019	Apr	62.8	60.2	6449195	6182165	267030	4.1
Pennsylvania	2019	May	62.8	60.2	6454236	6183946	270290	4.2
Pennsylvania	2019	Jun	62.9	60.3	6465538	6190327	275211	4.3
Pennsylvania	2019	Jul	63.1	60.4	6484491	6202028	282463	4.4
Pennsylvania	2019	Aug	63.3	60.5	6505764	6215256	290508	4.5
Pennsylvania	2019	Sep	63.5	60.6	6525482	6227604	297878	4.6
Pennsylvania	2019	Oct	63.6	60.6	6539128	6235732	303396	4.6
Pennsylvania	2019	Nov	63.6	60.6	6540059	6235989	304070	4.6
Pennsylvania	2019	Dec	63.6	60.6	6537907	6234518	303389	4.6
Pennsylvania	2020	Jan	63.7	60.7	6549144	6242115	307029	4.7
Pennsylvania	2020	Feb	63.8	60.8	6558419	6249391	309028	4.7
Pennsylvania	2020	Mar	63.6	59.9	6542916	6163426	379490	5.8
Pennsylvania	2020	Apr	62.7	52.6	6447477	5410390	1037087	16.1
Pennsylvania	2020	May	63.2	54.7	6502535	5628460	874075	13.4
Pennsylvania	2020	Jun	61.9	53.7	6365347	5523125	842222	13.2
Pennsylvania	2020	Jul	61.8	54.1	6361009	5567319	793690	12.5
Pennsylvania	2020	Aug	61.2(P)	54.9(P)	6302459(P)	5652884(P)	649575(P)	10.3(P)
Puerto Rico	2019	Jan			1071297	979071	92226	8.6
Puerto Rico	2019	Feb			1075161	981630	93531	8.7
Puerto Rico	2019	Mar			1080907	987566	93341	8.6
Puerto Rico	2019	Apr			1086920	995794	91126	8.4
Puerto Rico	2019	May			1091465	1003803	87662	8
Puerto Rico	2019	Jun			1093289	1009075	84214	7.7
Puerto Rico	2019	Jul			1090423	1008172	82251	7.5
Puerto Rico	2019	Aug			1083037	1000434	82603	7.6
Puerto Rico	2019	Sep			1074120	988871	85249	7.9
Puerto Rico	2019	Oct			1066792	978256	88536	8.3
Puerto Rico	2019	Nov			1065107	974958	90149	8.5
Puerto Rico	2019	Dec			1065881	975464	90417	8.5
Puerto Rico	2020	Jan			1055984	962208	93776	8.9
Puerto Rico	2020	Feb			1048791	956078	92713	8.8
Puerto Rico	2020	Mar			-(N)	-(N)	-(N)	-(N)
Puerto Rico	2020	Apr			-(N)	-(N)	-(N)	-(N)
Puerto Rico	2020	May			-(N)	-(N)	-(N)	-(N)
Puerto Rico	2020	Jun			-(N)	-(N)	-(N)	-(N)
Puerto Rico	2020	Jul			-(N)	-(N)	-(N)	-(N)
Puerto Rico	2020	Aug			-(N)	-(N)	-(N)	-(N)
Rhode Island	2019	Jan	64.3	61.9	554803	534352	20451	3.7
Rhode Island	2019	Feb	64.3	61.9	554644	534394	20250	3.7
Rhode Island	2019	Mar	64.2	61.9	554436	534318	20118	3.6
Rhode Island	2019	Apr	64.2	61.9	554273	534209	20064	3.6
Rhode Island	2019	May	64.2	61.9	554268	534212	20056	3.6
Rhode Island	2019	Jun	64.2	61.9	554515	534489	20026	3.6
Rhode Island	2019	Jul	64.3	62	555092	535185	19907	3.6
Rhode Island	2019	Aug	64.3	62	555753	536052	19701	3.5
Rhode Island	2019	Sep	64.4	62.1	556431	536955	19476	3.5
Rhode Island	2019	Oct	64.4	62.2	556922	537609	19313	3.5
Rhode Island	2019	Nov	64.4	62.2	556972	537676	19296	3.5
Rhode Island	2019	Dec	64.4	62.1	556912	537582	19330	3.5
Rhode Island	2020	Jan	64.4	62.2	557583	538637	18946	3.4
Rhode Island	2020	Feb	64.5	62.4	558531	539751	18780	3.4
Rhode Island	2020	Mar	65.3	62.2	565163	538703	26460	4.7
Rhode Island	2020	Apr	61.1	50	529069	433290	95779	18.1
Rhode Island	2020	May	60.3	50.4	522456	436675	85781	16.4
Rhode Island	2020	Jun	63.7	55.7	551766	482402	69364	12.6
Rhode Island	2020	Jul	64.3	57	557007	493874	63133	11.3
Rhode Island	2020	Aug	62.4(P)	54.4(P)	541287(P)	471828(P)	69459(P)	12.8(P)
South Carolina	2019	Jan	58.7	56.7	2367422	2287166	80256	3.4
South Carolina	2019	Feb	58.7	56.7	2370060	2289490	80570	3.4
South Carolina	2019	Mar	58.6	56.7	2371243	2291362	79881	3.4
South Carolina	2019	Apr	58.6	56.7	2371542	2293871	77671	3.3
South Carolina	2019	May	58.5	56.7	2371610	2297752	73858	3.1
South Carolina	2019	Jun	58.4	56.7	2372211	2303048	69163	2.9
South Carolina	2019	Jul	58.4	56.8	2374220	2309920	64300	2.7
South Carolina	2019	Aug	58.4	56.9	2376923	2316783	60140	2.5
South Carolina	2019	Sep	58.4	57	2380292	2322842	57450	2.4
South Carolina	2019	Oct	58.4	57	2383056	2326812	56244	2.4
South Carolina	2019	Nov	58.3	56.9	2383533	2326821	56712	2.4
South Carolina	2019	Dec	58.2	56.8	2383297	2326018	57279	2.4
South Carolina	2020	Jan	58.3	56.9	2387096	2330497	56599	2.4
South Carolina	2020	Feb	58.3	56.9	2391855	2333224	58631	2.5
South Carolina	2020	Mar	58.6	56.7	2405171	2328802	76369	3.2
South Carolina	2020	Apr	57.8	50.4	2376830	2073470	303360	12.8
South Carolina	2020	May	58.7	51.4	2416098	2116430	299668	12.4
South Carolina	2020	Jun	59.2	54	2438395	2226783	211612	8.7
South Carolina	2020	Jul	59.6	54.4	2458905	2246003	212902	8.7
South Carolina	2020	Aug	58.5(P)	54.8(P)	2417471(P)	2264535(P)	152936(P)	6.3(P)
South Dakota	2019	Jan	68.9	66.8	461674	447348	14326	3.1
South Dakota	2019	Feb	68.9	66.8	461922	447375	14547	3.1
South Dakota	2019	Mar	68.9	66.7	462185	447414	14771	3.2
South Dakota	2019	Apr	68.9	66.7	462504	447528	14976	3.2
South Dakota	2019	May	68.9	66.7	462916	447776	15140	3.3
South Dakota	2019	Jun	69	66.7	463467	448192	15275	3.3
South Dakota	2019	Jul	69	66.7	464203	448786	15417	3.3
South Dakota	2019	Aug	69.1	66.8	464900	449335	15565	3.3
South Dakota	2019	Sep	69.1	66.8	465518	449811	15707	3.4
South Dakota	2019	Oct	69.1	66.8	465907	450107	15800	3.4
South Dakota	2019	Nov	69	66.7	465885	450090	15795	3.4
South Dakota	2019	Dec	69	66.7	465805	450033	15772	3.4
South Dakota	2020	Jan	69	66.7	466500	450689	15811	3.4
South Dakota	2020	Feb	69.1	66.8	467108	451498	15610	3.3
South Dakota	2020	Mar	69.2	67.1	468175	453878	14297	3.1
South Dakota	2020	Apr	69.5	61.9	470300	419024	51276	10.9
South Dakota	2020	May	68.5	62.1	464195	420530	43665	9.4
South Dakota	2020	Jun	69.2	64.2	468994	435141	33853	7.2
South Dakota	2020	Jul	68.7	64.3	466239	436284	29955	6.4
South Dakota	2020	Aug	67.6(P)	64.4(P)	459418(P)	437371(P)	22047(P)	4.8(P)
Tennessee	2019	Jan	61.8	59.7	3309011	3196491	112520	3.4
Tennessee	2019	Feb	61.9	59.8	3317224	3203692	113532	3.4
Tennessee	2019	Mar	62	59.8	3323775	3209094	114681	3.5
Tennessee	2019	Apr	62	59.9	3329501	3214083	115418	3.5
Tennessee	2019	May	62.1	59.9	3334950	3219522	115428	3.5
Tennessee	2019	Jun	62.1	60	3340529	3225744	114785	3.4
Tennessee	2019	Jul	62.2	60.1	3347516	3233754	113762	3.4
Tennessee	2019	Aug	62.3	60.2	3354688	3242107	112581	3.4
Tennessee	2019	Sep	62.3	60.3	3361680	3249964	111716	3.3
Tennessee	2019	Oct	62.4	60.3	3366977	3255560	111417	3.3
Tennessee	2019	Nov	62.3	60.3	3367604	3256017	111587	3.3
Tennessee	2019	Dec	62.3	60.2	3366970	3255159	111811	3.3
Tennessee	2020	Jan	62.2	60.2	3367254	3255324	111930	3.3
Tennessee	2020	Feb	62.2	60	3365849	3251528	114321	3.4
Tennessee	2020	Mar	62.3	60.2	3375134	3262392	112742	3.3
Tennessee	2020	Apr	59.4	50.2	3222468	2722847	499621	15.5
Tennessee	2020	May	60.6	53.9	3292225	2928570	363655	11
Tennessee	2020	Jun	58.3	52.6	3165539	2860166	305373	9.6
Tennessee	2020	Jul	57.9	52.3	3148062	2843697	304365	9.7
Tennessee	2020	Aug	62.4(P)	57.1(P)	3398828(P)	3110408(P)	288420(P)	8.5(P)
Texas	2019	Jan	64	61.7	13936827	13426550	510277	3.7
Texas	2019	Feb	63.9	61.6	13939304	13437974	501330	3.6
Texas	2019	Mar	63.9	61.6	13939677	13447760	491917	3.5
Texas	2019	Apr	63.8	61.6	13946357	13461899	484458	3.5
Texas	2019	May	63.8	61.6	13964638	13483946	480692	3.4
Texas	2019	Jun	63.9	61.7	13996248	13514401	481847	3.4
Texas	2019	Jul	64	61.8	14042579	13555554	487025	3.5
Texas	2019	Aug	64.1	61.9	14090993	13598543	492450	3.5
Texas	2019	Sep	64.2	62	14133202	13637428	495774	3.5
Texas	2019	Oct	64.2	62	14160862	13663754	497108	3.5
Texas	2019	Nov	64.2	61.9	14161219	13664882	496337	3.5
Texas	2019	Dec	64.1	61.8	14155916	13660124	495792	3.5
Texas	2020	Jan	64.1	61.9	14180789	13686397	494392	3.5
Texas	2020	Feb	64.1	61.9	14199564	13707110	492454	3.5
Texas	2020	Mar	63.1	59.9	14004479	13288652	715827	5.1
Texas	2020	Apr	58.4	50.5	12960683	11216661	1744022	13.5
Texas	2020	May	60.7	52.8	13498250	11745046	1753204	13
Texas	2020	Jun	61.9	56.8	13794279	12639427	1154852	8.4
Texas	2020	Jul	62	57	13834694	12721089	1113605	8
Texas	2020	Aug	64.4(P)	60.0(P)	14378010(P)	13403380(P)	974630(P)	6.8(P)
Utah	2019	Jan	68.2	66.2	1586291	1540489	45802	2.9
Utah	2019	Feb	68.2	66.3	1589639	1544481	45158	2.8
Utah	2019	Mar	68.2	66.3	1593090	1548643	44447	2.8
Utah	2019	Apr	68.3	66.4	1596715	1553061	43654	2.7
Utah	2019	May	68.3	66.5	1600547	1557758	42789	2.7
Utah	2019	Jun	68.3	66.5	1604610	1562707	41903	2.6
Utah	2019	Jul	68.4	66.7	1609459	1568424	41035	2.5
Utah	2019	Aug	68.5	66.8	1614356	1574085	40271	2.5
Utah	2019	Sep	68.5	66.8	1618990	1579270	39720	2.5
Utah	2019	Oct	68.5	66.9	1622472	1583040	39432	2.4
Utah	2019	Nov	68.4	66.8	1622909	1583400	39509	2.4
Utah	2019	Dec	68.3	66.6	1622443	1582820	39623	2.4
Utah	2020	Jan	68.3	66.7	1626802	1586763	40039	2.5
Utah	2020	Feb	68.4	66.7	1630650	1590199	40451	2.5
Utah	2020	Mar	68	65.4	1625383	1562935	62448	3.8
Utah	2020	Apr	66.9	59.9	1600601	1434307	166294	10.4
Utah	2020	May	67.1	61.4	1609768	1471957	137811	8.6
Utah	2020	Jun	67.4	63.8	1619435	1533121	86314	5.3
Utah	2020	Jul	67.6	64.5	1626910	1553647	73263	4.5
Utah	2020	Aug	67.4(P)	64.6(P)	1625105(P)	1558986(P)	66119(P)	4.1(P)
Vermont	2019	Jan	66.5	64.9	344128	335981	8147	2.4
Vermont	2019	Feb	66.4	64.9	344021	335938	8083	2.3
Vermont	2019	Mar	66.4	64.8	343817	335772	8045	2.3
Vermont	2019	Apr	66.3	64.8	343481	335445	8036	2.3
Vermont	2019	May	66.2	64.7	343025	334970	8055	2.3
Vermont	2019	Jun	66.1	64.5	342493	334399	8094	2.4
Vermont	2019	Jul	66	64.4	341929	333781	8148	2.4
Vermont	2019	Aug	65.8	64.3	341361	333162	8199	2.4
Vermont	2019	Sep	65.8	64.2	340947	332709	8238	2.4
Vermont	2019	Oct	65.7	64.1	340685	332422	8263	2.4
Vermont	2019	Nov	65.7	64.1	340681	332418	8263	2.4
Vermont	2019	Dec	65.7	64.1	340749	332491	8258	2.4
Vermont	2020	Jan	65.6	64	340538	332233	8305	2.4
Vermont	2020	Feb	65.6	64	340142	331947	8195	2.4
Vermont	2020	Mar	65.7	63.6	340607	330084	10523	3.1
Vermont	2020	Apr	67.6	56.5	350944	293039	57905	16.5
Vermont	2020	May	66.3	57.8	343838	299688	44150	12.8
Vermont	2020	Jun	65.8	59.6	341591	309139	32452	9.5
Vermont	2020	Jul	65.4	59.9	339162	310976	28186	8.3
Vermont	2020	Aug	62.5(P)	59.5(P)	324350(P)	308908(P)	15442(P)	4.8(P)
Virginia	2019	Jan	65.8	63.8	4378779	4248896	129883	3
Virginia	2019	Feb	65.8	63.9	4381973	4252554	129419	3
Virginia	2019	Mar	65.8	63.9	4383549	4255394	128155	2.9
Virginia	2019	Apr	65.8	63.9	4385945	4259615	126330	2.9
Virginia	2019	May	65.9	64	4390760	4266437	124323	2.8
Virginia	2019	Jun	66	64.1	4398723	4276136	122587	2.8
Virginia	2019	Jul	66.1	64.3	4410824	4289574	121250	2.7
Virginia	2019	Aug	66.3	64.5	4423894	4303811	120083	2.7
Virginia	2019	Sep	66.4	64.6	4435867	4316769	119098	2.7
Virginia	2019	Oct	66.5	64.7	4444122	4325663	118459	2.7
Virginia	2019	Nov	66.5	64.7	4444649	4326215	118434	2.7
Virginia	2019	Dec	66.4	64.6	4443312	4324694	118618	2.7
Virginia	2020	Jan	66.5	64.8	4453928	4335613	118315	2.7
Virginia	2020	Feb	66.6	64.9	4462573	4345324	117249	2.6
Virginia	2020	Mar	66.3	64.1	4439350	4294056	145294	3.3
Virginia	2020	Apr	64.4	57.2	4314050	3831939	482111	11.2
Virginia	2020	May	64.2	58.4	4306310	3916764	389546	9
Virginia	2020	Jun	64.3	59.1	4314260	3964636	349624	8.1
Virginia	2020	Jul	64.4	59.3	4323137	3981495	341642	7.9
Virginia	2020	Aug	64.8(P)	60.8(P)	4349945(P)	4082536(P)	267409(P)	6.1(P)
Washington	2019	Jan	64.7	61.8	3868946	3694229	174717	4.5
Washington	2019	Feb	64.7	61.8	3875991	3701364	174627	4.5
Washington	2019	Mar	64.8	61.9	3882393	3708611	173782	4.5
Washington	2019	Apr	64.8	61.9	3889585	3717134	172451	4.4
Washington	2019	May	64.9	62	3898166	3727376	170790	4.4
Washington	2019	Jun	65	62.2	3908037	3739115	168922	4.3
Washington	2019	Jul	65.1	62.3	3919719	3753135	166584	4.2
Washington	2019	Aug	65.2	62.5	3930722	3766907	163815	4.2
Washington	2019	Sep	65.3	62.6	3940112	3779057	161055	4.1
Washington	2019	Oct	65.3	62.6	3946416	3787504	158912	4
Washington	2019	Nov	65.2	62.6	3946541	3788021	158520	4
Washington	2019	Dec	65.1	62.5	3945375	3786562	158813	4
Washington	2020	Jan	65.2	62.6	3955240	3799772	155468	3.9
Washington	2020	Feb	65.3	62.8	3962518	3810985	151533	3.8
Washington	2020	Mar	64	60.7	3890678	3692118	198560	5.1
Washington	2020	Apr	65.1	54.5	3963317	3318207	645110	16.3
Washington	2020	May	64.8	55	3945467	3351584	593883	15.1
Washington	2020	Jun	63.8	57.4	3893247	3503448	389799	10
Washington	2020	Jul	64.9	58.2	3961077	3557369	403708	10.2
Washington	2020	Aug	64.7(P)	59.2(P)	3955117(P)	3617367(P)	337750(P)	8.5(P)
West Virginia	2019	Jan	54.5	51.8	790389	751807	38582	4.9
West Virginia	2019	Feb	54.5	51.9	790807	752664	38143	4.8
West Virginia	2019	Mar	54.6	52	791185	753421	37764	4.8
West Virginia	2019	Apr	54.7	52.1	791876	754352	37524	4.7
West Virginia	2019	May	54.8	52.2	793046	755562	37484	4.7
West Virginia	2019	Jun	54.9	52.3	794739	757007	37732	4.7
West Virginia	2019	Jul	55.1	52.4	797083	758718	38365	4.8
West Virginia	2019	Aug	55.3	52.6	799495	760287	39208	4.9
West Virginia	2019	Sep	55.4	52.7	801633	761592	40041	5
West Virginia	2019	Oct	55.6	52.7	803070	762385	40685	5.1
West Virginia	2019	Nov	55.6	52.8	803129	762335	40794	5.1
West Virginia	2019	Dec	55.6	52.8	802879	762154	40725	5.1
West Virginia	2020	Jan	55.8	53	804830	764293	40537	5
West Virginia	2020	Feb	55.9	53.2	806570	766827	39743	4.9
West Virginia	2020	Mar	57.1	53.7	823300	773588	49712	6
West Virginia	2020	Apr	53.9	45.3	776722	652883	123839	15.9
West Virginia	2020	May	54.2	47.2	780029	679272	100757	12.9
West Virginia	2020	Jun	53.2	47.6	765374	685332	80042	10.5
West Virginia	2020	Jul	52.9	47.6	761335	684864	76471	10
West Virginia	2020	Aug	53.6(P)	48.9(P)	771748(P)	703401(P)	68347(P)	8.9(P)
Wisconsin	2019	Jan	67.2	65.1	3107365	3011087	96278	3.1
Wisconsin	2019	Feb	67.2	65	3105384	3007474	97910	3.2
Wisconsin	2019	Mar	67.1	64.9	3103060	3003443	99617	3.2
Wisconsin	2019	Apr	67	64.8	3101367	2999990	101377	3.3
Wisconsin	2019	May	67	64.8	3100758	2997743	103015	3.3
Wisconsin	2019	Jun	67	64.7	3101295	2996909	104386	3.4
Wisconsin	2019	Jul	67	64.7	3103095	2997498	105597	3.4
Wisconsin	2019	Aug	67	64.7	3104935	2998455	106480	3.4
Wisconsin	2019	Sep	67	64.7	3106837	2999745	107092	3.4
Wisconsin	2019	Oct	67	64.7	3108148	3000585	107563	3.5
Wisconsin	2019	Nov	66.9	64.6	3108239	3000639	107600	3.5
Wisconsin	2019	Dec	66.9	64.6	3108122	3000569	107553	3.5
Wisconsin	2020	Jan	66.9	64.6	3110114	3000511	109603	3.5
Wisconsin	2020	Feb	66.9	64.5	3108814	2999939	108875	3.5
Wisconsin	2020	Mar	66.4	64.4	3088813	2992488	96325	3.1
Wisconsin	2020	Apr	65.5	56.6	3048647	2633090	415557	13.6
Wisconsin	2020	May	66.7	58.6	3103238	2726588	376650	12.1
Wisconsin	2020	Jun	65.8	60.1	3062803	2798171	264632	8.6
Wisconsin	2020	Jul	65	60.3	3026513	2810714	215799	7.1
Wisconsin	2020	Aug	65.4(P)	61.3(P)	3048370(P)	2858414(P)	189956(P)	6.2(P)
Wyoming	2019	Jan	65	62.7	291512	281239	10273	3.5
Wyoming	2019	Feb	64.9	62.7	291491	281400	10091	3.5
Wyoming	2019	Mar	64.9	62.7	291572	281521	10051	3.4
Wyoming	2019	Apr	64.9	62.7	291796	281644	10152	3.5
Wyoming	2019	May	65	62.7	292132	281782	10350	3.5
Wyoming	2019	Jun	65	62.7	292490	281906	10584	3.6
Wyoming	2019	Jul	65.1	62.7	292785	281998	10787	3.7
Wyoming	2019	Aug	65.1	62.7	292901	281995	10906	3.7
Wyoming	2019	Sep	65	62.6	292889	281961	10928	3.7
Wyoming	2019	Oct	65	62.6	292785	281900	10885	3.7
Wyoming	2019	Nov	64.9	62.5	292684	281856	10828	3.7
Wyoming	2019	Dec	64.9	62.5	292662	281857	10805	3.7
Wyoming	2020	Jan	65	62.6	293281	282542	10739	3.7
Wyoming	2020	Feb	65.2	62.8	294176	283296	10880	3.7
Wyoming	2020	Mar	65.5	63	295500	284302	11198	3.8
Wyoming	2020	Apr	65.7	59.4	296644	268301	28343	9.6
Wyoming	2020	May	65.2	59.5	294481	268691	25790	8.8
Wyoming	2020	Jun	65.5	60.5	295786	273334	22452	7.6
Wyoming	2020	Jul	65.2	60.5	294527	273685	20842	7.1
Wyoming	2020	Aug	64.6(P)	60.4(P)	292189(P)	272976(P)	19213(P)	6.6(P)
